RMSE_original, 0.206971
Factors, DEM.tif,dis-gthc.tif,dis-railway.tif,dis-wator.tif,dis-zf.tif,dis_cityway11.tif,dis_cityway2.tif,dis_cityway3.tif,dis_cityway4.tif,dis_mainway.tif,gdp2015.tif,rainfall20002020.tif,rk2015.tif,slope1.tif,solid.tif,temprature2000-20201.tif,wind2000-20201.tif,
RMSE_noise, 0.226416,0.218524,0.226416,0.373828,0.242876,0.206971,0.218524,0.227961,0.296278,0.262336,0.231021,0.259645,0.218524,0.44422,0.277934,0.262336,0.280449,
Contribution:, 0.0203447,0.0120879,0.0203447,0.174582,0.0375672,0,0.0120879,0.0219618,0.0934421,0.0579282,0.0251635,0.055113,0.0120879,0.248233,0.0742481,0.0579282,0.0768798,
