RMSE_original, 0.213649
Factors, DEM.tif,dis-gthc.tif,dis-railway.tif,dis-wator.tif,dis-zf.tif,dis_cityway11.tif,dis_cityway2.tif,dis_cityway3.tif,dis_cityway4.tif,dis_mainway.tif,gdp2015.tif,rainfall20002020.tif,rk2015.tif,slope1.tif,solid.tif,temprature2000-20201.tif,wind2000-20201.tif,
RMSE_noise, 0.386754,0.338329,0.223293,0.235537,0.241426,0.252793,0.252793,0.256927,0.231021,0.264999,0.25,0.227961,0.2385,0.223293,0.2385,0.226416,0.239967,
Contribution:, 0.248547,0.179017,0.0138458,0.0314261,0.0398821,0.0562036,0.0562036,0.062138,0.0249427,0.0737293,0.0521928,0.0205491,0.0356802,0.0138458,0.0356802,0.01833,0.0377876,
