RMSE_original, 0.0354549
Factors, aSlopwgs84r.tif,ChinaDemSigned1r.tif,cngdp20101r.tif,dist2highwayr.tif,dist2hsrstationsr.tif,dist2importanttownr.tif,dist2iprimaryr.tif,dist2isecondaryr.tif,dist2prefecture_cityr.tif,dist2provincial_capitalr.tif,dist2railwayr.tif,dist2trunkr.tif,HWSD_China_Geo1r.tif,p0p2010_wgs84r.tif,wc2.0_bio_30s_01r.tif,wc2.0_bio_30s_12r.tif,
RMSE_noise, 0.061119,0.178227,0.0770551,0.0660275,0.0429523,0.056445,0.0463371,0.066941,0.04514,0.110075,0.0654781,0.0720193,0.0423717,0.0363904,0.0514167,0.0930002,
Contribution:, 0.0472013,0.262585,0.0765107,0.0562289,0.0137892,0.0386048,0.0200145,0.057909,0.0178128,0.13724,0.0552184,0.0672489,0.0127213,0.00172062,0.0293569,0.105837,
