RMSE_original, 0.251401
Factors, DEM.tif,dis-gthc.tif,dis-railway.tif,dis-wator.tif,dis-zf.tif,dis_cityway11.tif,dis_cityway2.tif,dis_cityway3.tif,dis_cityway4.tif,dis_mainway.tif,gdp2015.tif,rainfall20002020.tif,rk2015.tif,slope1.tif,solid.tif,temprature2000-20201.tif,wind2000-20201.tif,
RMSE_noise, 0.345517,0.344499,0.361411,0.266321,0.393058,0.314669,0.270247,0.25829,0.377566,0.307902,0.311304,0.268945,0.31243,0.362381,0.281698,0.264999,0.280449,
Contribution:, 0.0898163,0.088845,0.104984,0.0142389,0.135185,0.0603781,0.0179858,0.0065742,0.120401,0.0539194,0.0571663,0.0167429,0.0582408,0.10591,0.0289134,0.0129776,0.0277213,
