Type,Land1,Land2,Land3,Land4,Land5,Land6,Land7
Land1,5.04894e+06,2735,23249,82129,641948,11984,0
Land2,4196,856068,1178,5745,15819,649,0
Land3,5544,185,61767,0,12708,0,0
Land4,0,0,0,1.92703e+06,0,0,0
Land5,0,0,0,0,449191,0,0
Land6,0,0,0,0,0,282252,0
Land7,3598,89,154,3584,7443,68,69412
